public_reference,mileage,reg_code,standard_colour,standard_make,standard_model,vehicle_condition,year_of_registration,price,body_type,crossover_car_and_van,fuel_type
202011015679274,68000.0,60,Silver,BMW,5 Series,USED,2010.0,8500,Saloon,False,Petrol
202009023214065,69400.0,63,Black,Vauxhall,Mokka,USED,2013.0,7700,Hatchback,False,Diesel
202010295588549,3358.0,69,Silver,Hyundai,i800,USED,2019.0,21000,MPV,False,Diesel
202009254193988,28491.0,19,Silver,Mercedes-Benz,A Class,USED,2019.0,18990,Hatchback,False,Diesel
202010245386758,77000.0,10,Yellow,Peugeot,Bipper Tepee,USED,2010.0,2800,MPV,False,Diesel
202004178979226,0.0,,Grey,Volvo,V90 Cross Country,NEW,,50218,Estate,False,Petrol
202010124901623,44910.0,15,Silver,Nissan,Juke,USED,2015.0,9490,SUV,False,Petrol
202010245377365,20000.0,66,Silver,Mercedes-Benz,C Class,USED,2016.0,24990,Coupe,False,Diesel
202010295564799,94000.0,10,Silver,Volkswagen,Fox,USED,2010.0,1595,Hatchback,False,Petrol
202010285541724,28853.0,64,White,Mazda,Mazda3,USED,2014.0,8595,Saloon,False,Petrol
202009053345247,70000.0,12,Turquoise,Suzuki,Splash,USED,2012.0,2589,Hatchback,False,Petrol
202010275486074,33659.0,65,Red,Volvo,V40,USED,2015.0,13700,Hatchback,False,Diesel
202010185148823,20391.0,16,Black,Alfa Romeo,MiTo,USED,2016.0,7725,Hatchback,False,Petrol
202009093518844,15356.0,18,White,Suzuki,Celerio,USED,2018.0,5795,Hatchback,False,Petrol
202008011980369,31000.0,17,Black,Porsche,Cayenne,USED,2017.0,47950,SUV,False,Petrol
202007070935466,30251.0,17,Grey,Jaguar,XE,USED,2017.0,17000,Saloon,False,Diesel
202010165091711,29000.0,67,Purple,SEAT,Leon,USED,2018.0,12058,Hatchback,False,Petrol
202008272998144,49658.0,16,Blue,Audi,Q3,USED,2016.0,16831,SUV,False,Diesel
202010084761291,500.0,70,Grey,Nissan,Juke,USED,2020.0,22999,SUV,False,Petrol
202010255418378,5963.0,69,White,Volkswagen,Golf,USED,2019.0,22290,Hatchback,False,Petrol
202002177427480,50.0,,Black,Toyota,AYGO,NEW,,11500,Hatchback,False,Petrol
202009043295358,15847.0,68,White,Hyundai,Ioniq,USED,2018.0,14750,Hatchback,False,Petrol Hybrid
202010175103229,49910.0,64,White,Hyundai,i10,USED,2014.0,5000,Hatchback,False,Petrol
202010124919204,118000.0,10,Grey,Nissan,Qashqai,USED,2010.0,3995,SUV,False,Petrol
202010215260919,41675.0,11,Black,Chevrolet,Spark,USED,2011.0,1999,Hatchback,False,Petrol
202009284320606,55000.0,16,Black,BMW,5 Series,USED,2016.0,13995,Saloon,False,Diesel
202010084741355,49000.0,15,Blue,Volvo,XC60,USED,2015.0,16000,SUV,False,Diesel
202003048023703,2000.0,69,White,Kia,Sportage,USED,2019.0,16000,SUV,False,Petrol
202009193939172,36712.0,17,Blue,BMW,1 Series,USED,2017.0,18995,Hatchback,False,Petrol
202010185144930,119122.0,X,Blue,Mercedes-Benz,CL,USED,2001.0,2995,Coupe,False,Petrol
202010275494747,879.0,70,White,Volkswagen,Polo,USED,2020.0,15990,Hatchback,False,Petrol
202009153750752,24155.0,19,Grey,Peugeot,308,USED,2019.0,13995,Hatchback,False,Petrol
202010084772736,53000.0,10,White,Audi,S3,USED,2010.0,13000,Hatchback,False,Petrol
202010245390845,99000.0,56,Silver,Vauxhall,Corsa,USED,2007.0,1190,Hatchback,False,Petrol
202009083464148,63000.0,65,Red,Land Rover,Range Rover Evoque,USED,2016.0,16490,SUV,False,Diesel
202006019695401,110000.0,54,Blue,Toyota,Avensis,USED,2004.0,995,Hatchback,False,Petrol
202010315643070,46895.0,61,Blue,Audi,A1,USED,2012.0,8495,Hatchback,False,Petrol
202010285550716,18014.0,12,White,Audi,A1,USED,2012.0,9496,Hatchback,False,Petrol
202010054625460,86500.0,07,Silver,Audi,TT,USED,2007.0,4989,Coupe,False,Petrol
202010255414923,140000.0,12,Black,BMW,3 Series,USED,2012.0,5999,Saloon,False,Diesel
202010295558246,18187.0,19,Grey,Citroen,C3,USED,2019.0,10700,Hatchback,False,Petrol
202010074730760,0.0,,,Jaguar,XF,NEW,,32585,Saloon,False,
202003148408843,10800.0,19,Black,Land Rover,Range Rover Evoque,USED,2019.0,37995,SUV,False,Diesel
202009173854108,5517.0,69,Red,Kia,XCeed,USED,2020.0,16419,SUV,False,Petrol
202010205201993,46546.0,16,Silver,Honda,Civic,USED,2016.0,10300,Hatchback,False,Petrol
202010315653032,43242.0,67,Grey,Audi,Q7,USED,2017.0,32995,SUV,False,Diesel
202006200325068,8067.0,19,Grey,Vauxhall,Combo Life,USED,2019.0,13300,MPV,False,Diesel
202010044584712,40000.0,17,Red,Nissan,Leaf,USED,2017.0,12495,Hatchback,False,Electric
202010195189047,14649.0,66,White,BMW,X1,USED,2016.0,18449,SUV,False,Diesel
202010205208043,10.0,70,Grey,Honda,Jazz,USED,2020.0,21991,Hatchback,False,Petrol Hybrid
202009093528285,39911.0,17,Red,MINI,Hatch,USED,2017.0,10799,Hatchback,False,Petrol
202009193936146,46950.0,63,Black,Lexus,IS 300,USED,2013.0,12650,Saloon,False,Petrol Hybrid
202010064675681,37191.0,66,Black,Peugeot,208,USED,2016.0,11500,Hatchback,False,Petrol
202010265443394,37000.0,64,Silver,Volvo,V40 Cross Country,USED,2014.0,8495,Hatchback,False,Diesel
202009163786136,19577.0,17,Black,Nissan,Qashqai,USED,2017.0,11265,Hatchback,False,Diesel
202008021985948,42522.0,66,Black,BMW,4 Series Gran Coupe,USED,2016.0,18307,Saloon,False,Diesel
202010265439528,134000.0,55,Beige,Toyota,RAV4,USED,2005.0,1958,SUV,False,Petrol
202009304409698,10.0,,,Audi,Q2,NEW,,34595,SUV,False,Petrol
202010144989345,67452.0,59,Black,BMW,3 Series,USED,2009.0,5990,Coupe,False,Diesel
202009193948417,168897.0,07,Black,Toyota,Avensis,USED,2007.0,1395,Hatchback,False,Diesel
202010225314532,13350.0,19,Silver,Volvo,XC90,USED,2019.0,39388,SUV,False,Diesel
202010305618891,34635.0,15,Blue,Hyundai,i20,USED,2015.0,7995,Hatchback,False,Petrol
202009294369846,21807.0,17,Blue,Vauxhall,Corsa,USED,2017.0,6995,Hatchback,False,Petrol
202008082237996,25500.0,66,White,Mercedes-Benz,C Class,USED,2016.0,15999,Coupe,False,Petrol
202010245396159,80000.0,08,Grey,Honda,CR-V,USED,2008.0,6480,SUV,False,Petrol
202010275505410,35400.0,17,Grey,Mercedes-Benz,E Class,USED,2017.0,22750,Coupe,False,Diesel
202010305619537,600.0,20,Grey,Audi,Q5,USED,2020.0,38990,SUV,False,Diesel
202009183894495,3801.0,69,Black,Nissan,Qashqai,USED,2020.0,16599,SUV,False,Petrol
202002097128431,3934.0,69,Black,Land Rover,Range Rover Sport,USED,2020.0,75000,SUV,False,Petrol Plug-in Hybrid
202009183885045,5.0,70,White,Dacia,Duster,USED,2020.0,15000,SUV,False,Petrol
202010255418289,68650.0,58,Blue,BMW,6 Series,USED,2008.0,10995,Coupe,False,Petrol
202008132434821,49402.0,66,Grey,Volvo,XC60,USED,2017.0,19990,SUV,False,Diesel
202010155055285,107720.0,11,Grey,Hyundai,i30,USED,2011.0,2445,Hatchback,False,Diesel
202008042086763,22458.0,18,Grey,Volvo,V40,USED,2018.0,14500,Hatchback,False,Diesel
202010104837289,118990.0,60,,Hyundai,ix35,USED,2010.0,3995,SUV,False,Diesel
202010275478233,21000.0,68,Black,Mercedes-Benz,A Class,USED,2018.0,17599,Hatchback,False,Diesel
202009143727111,94000.0,64,Purple,Vauxhall,Insignia,USED,2015.0,4090,Hatchback,False,Diesel
202007281777915,28395.0,17,White,Hyundai,Tucson,USED,2017.0,17680,SUV,False,Diesel
202002046909538,11436.0,16,Black,Volkswagen,up!,USED,2016.0,7700,Hatchback,False,Petrol
201910113212431,15.0,,Silver,Mercedes-Benz,GLA Class,NEW,,29100,SUV,False,Petrol
202010295564528,0.0,,,Renault,Zoe,NEW,,35250,Hatchback,False,Electric
202007311930451,3200.0,69,White,Volkswagen,Passat,USED,2019.0,29000,Saloon,False,Petrol Plug-in Hybrid
202010064679445,52000.0,09,Blue,Vauxhall,Corsa,USED,2009.0,2695,Hatchback,False,Petrol
202009224060314,31337.0,18,Black,BMW,3 Series,USED,2018.0,20350,Saloon,False,Diesel
202009214022759,12550.0,68,Blue,Honda,CR-V,USED,2018.0,25000,SUV,False,Petrol
202010165084841,2600.0,69,Black,Mercedes-Benz,A Class,USED,2020.0,27629,Hatchback,False,Petrol
202010175126300,264000.0,R,Green,Toyota,Land Cruiser Colorado,USED,1999.0,1995,SUV,False,Diesel
202010285551154,20859.0,67,Blue,Kia,Sportage,USED,2017.0,13137,SUV,False,Diesel
202010245381695,57000.0,64,Black,Mercedes-Benz,C Class,USED,2014.0,14999,Saloon,False,Diesel
202007311930583,33000.0,16,Black,Mercedes-Benz,SL Class,USED,2016.0,31990,Convertible,False,Petrol
202010215256352,15000.0,17,Black,Mercedes-Benz,G Class,USED,2017.0,85000,SUV,False,Petrol
202010134942878,27000.0,17,Silver,MINI,Convertible,USED,2017.0,14495,Convertible,False,Petrol
202010124902319,4303.0,69,White,Volkswagen,T-Cross,USED,2019.0,16752,SUV,False,Petrol
202010084740291,10.0,70,Red,Peugeot,2008,USED,2020.0,23200,SUV,False,Petrol
202010084775920,6700.0,19,Blue,BMW,3 Series,USED,2019.0,23990,Saloon,False,Diesel
202009254209821,15000.0,13,Black,Suzuki,Splash,USED,2013.0,5450,Hatchback,False,Petrol
202009033260010,25000.0,16,White,Alfa Romeo,Giulietta,USED,2016.0,12350,Hatchback,False,Petrol
202010225285261,58000.0,15,White,Nissan,X-Trail,USED,2015.0,12750,SUV,False,Diesel
202010215248923,18908.0,18,Grey,Volvo,S90,USED,2018.0,17999,Saloon,False,Diesel
202009213999625,72000.0,12,Blue,Volkswagen,Golf,USED,2012.0,5999,Hatchback,False,Petrol
202009304389862,65500.0,63,Silver,BMW,6 Series,USED,2013.0,15995,Coupe,False,Diesel
202010305624863,70000.0,15,Purple,Mercedes-Benz,CLA Class,USED,2015.0,14690,Coupe,False,Diesel
202010205200756,10.0,69,Blue,Vauxhall,Crossland X,USED,2020.0,14495,SUV,False,Diesel
202010165069946,61000.0,15,Black,Mercedes-Benz,CLS,USED,2015.0,19495,Coupe,False,Petrol
202006019691338,6500.0,69,Black,Porsche,Cayenne,USED,2019.0,119950,Coupe,False,Petrol Plug-in Hybrid
202010315647577,64491.0,56,Grey,MINI,Convertible,USED,2006.0,4695,Convertible,False,Petrol
202010215266820,10.0,,Grey,Volkswagen,T-Roc,NEW,,23320,SUV,False,Petrol
202009294353624,23600.0,67,Black,Peugeot,308 SW,USED,2018.0,10995,Estate,False,Petrol
202010104829353,10.0,70,Grey,SKODA,Octavia,USED,2020.0,20325,Hatchback,False,Diesel
202010165060972,46603.0,67,White,Peugeot,208,USED,2017.0,7700,Hatchback,False,Petrol
202009304409726,40000.0,61,Silver,Toyota,AYGO,USED,2011.0,2995,Hatchback,False,Petrol
202010084778316,42808.0,17,White,Volkswagen,Touareg,USED,2017.0,22875,SUV,False,Diesel
202009244148074,28538.0,16,Blue,Nissan,Pulsar,USED,2016.0,10210,Hatchback,False,Petrol
202006059832019,6200.0,20,White,Volvo,XC60,USED,2020.0,35250,SUV,False,Diesel Hybrid
202006160190114,10.0,,Grey,SEAT,Ibiza,NEW,,16795,Hatchback,False,Petrol
202010114873898,65000.0,15,Grey,Vauxhall,Corsa,USED,2015.0,4999,Hatchback,False,Petrol
202008152521125,1500.0,20,Blue,Jaguar,XE,USED,2020.0,29995,Saloon,False,Diesel
202006180265172,1115.0,69,Blue,Suzuki,Swift,USED,2020.0,10000,Hatchback,False,Petrol
202010315637132,115317.0,03,Black,Honda,Jazz,USED,2003.0,1495,Hatchback,False,Petrol
202007161319624,65000.0,11,Black,Toyota,Auris,USED,2011.0,6495,Hatchback,False,Petrol Hybrid
202010245376142,76602.0,16,Black,Audi,A4,USED,,10900,Saloon,False,Diesel
202010024492636,19215.0,17,Green,Jaguar,F-PACE,USED,2017.0,32995,SUV,False,Diesel
202010265456218,601.0,20,White,Hyundai,i10,USED,2020.0,12785,Hatchback,False,Petrol
202010094816627,40590.0,11,Blue,BMW,5 Series,USED,2011.0,12990,Saloon,False,Diesel
202009173874125,144467.0,63,Silver,Mazda,Mazda6,USED,2013.0,4995,Saloon,False,Diesel
202007091051610,4000.0,20,Black,Mercedes-Benz,E Class,USED,2020.0,40995,Saloon,False,Diesel Plug-in Hybrid
202010175103566,14734.0,17,Red,Mercedes-Benz,A Class,USED,2017.0,16000,Hatchback,False,Petrol
202009234082997,21647.0,18,Blue,SEAT,Ateca,USED,2018.0,15695,SUV,False,Diesel
202008132442805,7627.0,19,Grey,Vauxhall,Corsa,USED,2019.0,9500,Hatchback,False,Petrol
202010295587400,95000.0,60,Silver,Vauxhall,Astra,USED,2011.0,2680,Hatchback,False,Petrol
202010145004949,132000.0,05,Silver,Volvo,XC90,USED,2005.0,3500,SUV,False,Diesel
202010195164958,17500.0,65,Grey,BMW,2 Series,USED,2015.0,19000,Convertible,False,Petrol
202011015661841,26424.0,17,Grey,Volkswagen,Touran,USED,2017.0,14000,MPV,False,Diesel
202010165083237,43000.0,64,Blue,MINI,Hatch,USED,2014.0,5990,Hatchback,False,Petrol
202007241641396,81825.0,61,Silver,Toyota,Estima,USED,2012.0,12995,MPV,False,Petrol
202010235336800,75000.0,67,White,SKODA,Octavia,USED,2017.0,13295,Estate,False,Diesel
202010275501381,75000.0,59,Orange,Mazda,Mazda2,USED,2009.0,1850,Hatchback,False,Diesel
202010084771684,29361.0,66,Silver,Volkswagen,Golf,USED,2016.0,12999,Hatchback,False,Petrol
202009093530167,169000.0,55,Silver,Land Rover,Discovery 3,USED,2005.0,3995,SUV,False,Diesel
202010295575094,0.0,,Blue,Dacia,Duster,NEW,,18055,SUV,False,Petrol
202010054604063,13228.0,18,,Renault,Captur,USED,2018.0,10500,SUV,False,Petrol
202010215260931,25.0,,Grey,Volkswagen,Golf,NEW,,23713,Hatchback,False,Petrol
202010034552707,38736.0,67,,Renault,Captur,USED,2017.0,11250,SUV,False,Petrol
202010295564156,9845.0,68,Red,Nissan,Qashqai,USED,2018.0,18995,SUV,False,Petrol
202010275469260,27575.0,17,Silver,Nissan,Qashqai,USED,2017.0,11200,SUV,False,Diesel
202006180274523,11966.0,17,White,Citroen,C1,USED,2017.0,5995,Hatchback,False,Petrol
202010104846476,5259.0,20,Black,SKODA,Karoq,USED,2020.0,26200,SUV,False,Petrol
202010094809649,50.0,70,Blue,Volkswagen,Tiguan,USED,2020.0,30995,SUV,False,Diesel
202009033267800,66200.0,11,Grey,Vauxhall,Astra,USED,2011.0,4980,Hatchback,False,Petrol
202010215277770,35500.0,59,Silver,Volkswagen,Golf,USED,2010.0,7999,Hatchback,False,Petrol
202010104844913,97000.0,07,Red,MINI,Hatch,USED,2007.0,1399,Hatchback,False,Petrol
202010175101981,6733.0,69,Blue,MG,MG HS,USED,2020.0,21390,SUV,False,Petrol
202010195162691,4320.0,69,White,Audi,Q5,USED,2019.0,35488,SUV,False,Diesel
202010024524566,116000.0,53,Silver,Volkswagen,Golf,USED,2003.0,995,Hatchback,False,Petrol
202006140125534,65000.0,62,White,Mercedes-Benz,C Class,USED,2012.0,8195,Coupe,False,Petrol
202009294374462,19000.0,66,Black,Hyundai,i10,USED,2016.0,8250,Hatchback,False,Petrol
202010195173357,95000.0,61,White,Audi,Q5,USED,2011.0,11999,SUV,False,Diesel
202009304404339,113000.0,14,Blue,Mercedes-Benz,A Class,USED,2014.0,9495,Hatchback,False,Diesel
202009224035724,76266.0,17,Grey,SKODA,Superb,USED,2017.0,11300,Estate,False,Diesel
202008182624138,6500.0,70,White,Audi,A4,USED,2020.0,34999,Saloon,False,Diesel
202008242879082,53000.0,16,Black,Hyundai,i40,USED,2016.0,10995,Estate,False,Diesel
202007091060609,57050.0,16,Black,MINI,Hatch,USED,2016.0,9150,Hatchback,False,Petrol
202003138361891,10800.0,69,White,Vauxhall,Astra,USED,2019.0,13000,Hatchback,False,Petrol
202010305614008,80091.0,64,White,MINI,Countryman,USED,2014.0,6999,SUV,False,Petrol
202007030796564,21046.0,17,Blue,Audi,Q3,USED,2017.0,21200,SUV,False,Petrol
202010024518520,29245.0,18,Grey,Fiat,124 Spider,USED,2018.0,14195,Convertible,False,Petrol
202009133670877,28727.0,12,Black,Toyota,AYGO,USED,2012.0,4195,Hatchback,False,Petrol
202010235349899,45400.0,15,Green,Vauxhall,Astra GTC,USED,2015.0,5500,Coupe,False,Diesel
202010195162988,105320.0,08,Black,Citroen,C4 Picasso,USED,2008.0,2595,MPV,False,Diesel
202006019705477,48800.0,15,White,BMW,5 Series,USED,2015.0,17795,Saloon,False,Diesel
202009163797809,16287.0,17,Grey,Vauxhall,Astra,USED,2017.0,10995,Hatchback,False,Petrol
202010225288473,6770.0,69,Black,Audi,Q5,USED,2020.0,34990,SUV,False,Diesel
202009294347314,70000.0,12,Red,Vauxhall,Astra GTC,USED,2012.0,4495,Coupe,False,Petrol
202007251666617,13285.0,16,Grey,Toyota,AYGO,USED,2016.0,7600,Hatchback,False,Petrol
202009294336502,38857.0,63,Black,Mercedes-Benz,C Class,USED,2013.0,11490,Saloon,False,Diesel
202007181393302,12000.0,65,Orange,Smart,fortwo,USED,2015.0,7495,Coupe,False,Petrol
202010295579097,92100.0,66,Blue,Volvo,XC60,USED,2016.0,13295,SUV,False,Diesel
202007281794181,45925.0,64,Blue,Mitsubishi,Outlander,USED,2014.0,11491,SUV,False,Petrol Plug-in Hybrid
202010074694938,34562.0,17,Blue,Toyota,RAV4,USED,2017.0,15995,SUV,False,Diesel
202009294357041,84410.0,61,Silver,Mercedes-Benz,C Class,USED,2011.0,5795,Saloon,False,Diesel
202009063391980,43548.0,62,Grey,Peugeot,208,USED,2012.0,3950,Hatchback,False,Diesel
202009224040368,13996.0,18,Silver,Nissan,Qashqai,USED,2018.0,16495,SUV,False,Petrol
202010134949920,9159.0,69,Blue,Peugeot,308,USED,2019.0,16108,Hatchback,False,Diesel
202009053351723,101000.0,63,White,BMW,3 Series,USED,2013.0,8000,Estate,False,Diesel
202007191424697,10.0,,Red,Suzuki,Vitara,NEW,,22999,SUV,False,Petrol Hybrid
202010064676088,64000.0,58,Black,Saab,9-3,USED,2008.0,3995,Estate,False,Petrol
202008152535735,90153.0,59,Black,Volkswagen,Passat,USED,2010.0,3990,Saloon,False,Diesel
202009284299850,334.0,70,Black,BMW,M5,USED,2020.0,90991,Saloon,False,Petrol
202002257693304,15067.0,19,Grey,Lexus,RX L 450h,USED,2019.0,40895,SUV,False,Petrol Hybrid
202009264224239,47699.0,65,White,Audi,Q3,USED,2015.0,16153,SUV,False,Diesel
202010114872625,30000.0,16,Blue,BMW,2 Series,USED,2016.0,14000,Convertible,False,Petrol
202003238697776,24502.0,67,Grey,Hyundai,Ioniq,USED,2017.0,13995,Hatchback,False,Petrol Hybrid
202009103575095,36967.0,66,White,Fiat,500,USED,2016.0,7458,Hatchback,False,Petrol
202009133666952,14066.0,19,Silver,Hyundai,i10,USED,2019.0,8995,Hatchback,False,Petrol
202009244174869,62000.0,57,Grey,Peugeot,307,USED,2007.0,1795,Hatchback,False,Petrol
202009083474973,2328.0,69,White,Audi,A3,USED,2020.0,23490,Hatchback,False,Petrol
202010155031195,13582.0,69,Grey,Renault,Kadjar,USED,2019.0,16979,SUV,False,Petrol
202004309119629,10.0,,Multicolour,SEAT,Arona,NEW,,18735,SUV,False,Petrol
202010064662546,5.0,,Black,SKODA,Karoq,NEW,,26923,SUV,False,Petrol
202010205213595,58587.0,12,Grey,Mercedes-Benz,C Class,USED,2012.0,9500,Saloon,False,Diesel
202010295566465,45000.0,66,Blue,Renault,Kadjar,USED,2016.0,10499,SUV,False,Diesel
202010124922474,15328.0,14,Purple,Peugeot,107,USED,2014.0,5995,Hatchback,False,Petrol
202009193925917,68000.0,14,Red,Mazda,Mazda6,USED,2014.0,8490,Estate,False,Diesel
202009254184202,91196.0,07,Red,Renault,Scenic,USED,2007.0,1495,MPV,False,Petrol
202008082245155,2099.0,20,Black,SKODA,Octavia,USED,2020.0,16007,Hatchback,False,Petrol
202010134943672,52264.0,66,Grey,Toyota,Auris,USED,2016.0,11290,Estate,False,Petrol Hybrid
202009284328705,8000.0,66,Grey,Volkswagen,Polo,USED,2016.0,6495,Hatchback,False,Petrol
202010205225116,84800.0,59,Silver,Toyota,Yaris,USED,2009.0,2795,Hatchback,False,Petrol
202009304379589,8522.0,17,Black,Vauxhall,Viva,USED,2017.0,6499,Hatchback,False,Petrol
202010275494702,26791.0,16,White,BMW,1 Series,USED,2016.0,13995,Hatchback,False,Petrol
202010265433043,16000.0,18,Black,MINI,Hatch,USED,2018.0,13599,Hatchback,False,Petrol
202009224058283,13192.0,68,Red,Citroen,C3,USED,2018.0,8879,Hatchback,False,Petrol
202009163790928,13557.0,69,Black,Mercedes-Benz,GLE Class,USED,2019.0,44000,SUV,False,Diesel
202010014444699,81500.0,64,Black,Volkswagen,Tiguan,USED,2015.0,9716,SUV,False,Diesel
202009244131827,29454.0,17,White,Volvo,V40,USED,2017.0,14445,Hatchback,False,Diesel
202009234082221,97000.0,10,White,Volvo,C30,USED,2010.0,2995,Coupe,False,Petrol
202010235343701,12381.0,19,Silver,Vauxhall,Corsa,USED,2019.0,8850,Hatchback,False,Petrol
202008052099592,0.0,,Grey,BMW,5 Series,NEW,,50430,Saloon,False,Petrol Plug-in Hybrid
202006260548124,62000.0,07,Green,Honda,Jazz,USED,2007.0,2295,Hatchback,False,Petrol
202010205220948,100.0,70,,Volvo,S60,USED,2020.0,26480,Saloon,False,Petrol
202009234095823,40795.0,66,Black,Audi,A4 Avant,USED,2016.0,14942,Estate,False,Diesel
202010155027374,32660.0,17,Blue,SEAT,Leon,USED,2017.0,9950,Estate,False,Petrol
202009013178678,40789.0,64,White,MINI,Countryman,USED,2015.0,9995,SUV,False,Diesel
202010305624756,25000.0,17,Black,BMW,1 Series,USED,2017.0,12500,Hatchback,False,Diesel
202008212781438,22000.0,52,Multicolour,TVR,Tamora,USED,2003.0,27990,Convertible,False,Petrol
202009163807554,59650.0,14,White,Porsche,Macan,USED,2014.0,29000,SUV,False,Diesel
202009083468325,15961.0,17,White,Suzuki,Vitara,USED,2017.0,10800,SUV,False,Petrol
202008252903031,65910.0,12,Black,Smart,fortwo,USED,2012.0,3650,Coupe,False,Petrol
202010124896303,54000.0,13,Black,Peugeot,3008,USED,2013.0,7490,SUV,False,Diesel
202010295574163,16500.0,07,,Dodge,Viper,USED,2007.0,49995,Convertible,False,Petrol
202010024497557,19126.0,67,Red,Honda,CR-V,USED,2017.0,16480,SUV,False,Petrol
202009224044158,102000.0,10,Red,Alfa Romeo,MiTo,USED,2010.0,2289,Hatchback,False,Petrol
202009173850662,27170.0,16,Silver,Mazda,Mazda6,USED,2016.0,12399,Saloon,False,Petrol
202010205238854,87000.0,55,Silver,BMW,1 Series,USED,2005.0,1999,Hatchback,False,Petrol
202009304386018,29027.0,16,Red,Fiat,500,USED,2016.0,6392,Hatchback,False,Petrol
202009173838907,0.0,,Red,Abarth,595,NEW,,22735,Hatchback,False,Petrol
202010265453905,73000.0,14,Silver,Vauxhall,Corsa,USED,2014.0,795,Hatchback,False,Diesel
202010014466773,35691.0,65,Red,BMW,2 Series,USED,2015.0,12150,Coupe,False,Petrol
202010295582346,45000.0,16,Grey,Volvo,XC60,USED,2016.0,16500,SUV,False,Diesel
202009254177348,18933.0,68,Red,Vauxhall,Astra,USED,2018.0,11000,Hatchback,False,Petrol
202010265442157,31183.0,67,Grey,Nissan,Qashqai,USED,2017.0,14000,SUV,False,Diesel
202010024522570,43000.0,16,White,Jeep,Renegade,USED,2016.0,9690,SUV,False,Petrol
202009143728294,75661.0,14,White,Kia,Picanto,USED,2014.0,3975,Hatchback,False,Petrol
202010275505057,25783.0,18,White,Mercedes-Benz,C Class,USED,2018.0,24650,Convertible,False,Diesel
202010094816291,64836.0,15,Black,Audi,A3,USED,2015.0,11275,Hatchback,False,Petrol
202009043321086,1340.0,20,Blue,MINI,Hatch,USED,2020.0,21498,Hatchback,False,Petrol
202010195165543,62000.0,65,Grey,Vauxhall,Astra,USED,2015.0,5790,Hatchback,False,Diesel
202010275481350,0.0,,White,Renault,Captur,NEW,,31645,SUV,False,Petrol Hybrid
202009244172064,131000.0,56,,Audi,A3,USED,2006.0,1645,Hatchback,False,Petrol
202009304393502,99559.0,09,,Mazda,Mazda3,USED,2009.0,4500,Hatchback,False,Petrol
202009304392538,54597.0,64,Black,SEAT,Ibiza,USED,2014.0,5290,Hatchback,False,Petrol
202009234082704,10378.0,18,White,Dacia,Duster,USED,2018.0,12695,SUV,False,Petrol
202008212779691,19270.0,67,Red,SEAT,Ibiza,USED,2017.0,11770,Hatchback,False,Petrol
202008132442616,17180.0,18,Black,Vauxhall,Insignia,USED,2018.0,12990,Hatchback,False,Diesel
202009033271542,13046.0,67,Black,Vauxhall,Viva,USED,2017.0,5706,Hatchback,False,Petrol
202009123638682,37674.0,66,White,Fiat,500,USED,2016.0,6995,Hatchback,False,Petrol
202008252895744,29411.0,66,Red,Audi,A1,USED,2016.0,12445,Hatchback,False,Petrol
202009304400707,35453.0,64,Black,Hyundai,ix35,USED,2014.0,9995,SUV,False,Diesel
201810051228881,26000.0,60,White,Bentley,Continental,USED,2010.0,44989,Coupe,False,Petrol
202010084766400,43000.0,09,Black,Bentley,Continental,USED,2009.0,37750,Coupe,False,Petrol
202009214000813,52116.0,62,Black,Nissan,Micra,USED,2013.0,3500,Hatchback,False,Petrol
202009103568626,33564.0,67,Grey,Audi,A4 Allroad,USED,2017.0,23995,Estate,False,Diesel
202010155016497,15436.0,68,Blue,Honda,HR-V,USED,2018.0,16850,SUV,False,Petrol
202010295554176,5605.0,67,Purple,Mitsubishi,Mirage,USED,2017.0,9300,Hatchback,False,Petrol
202010215247378,21000.0,67,Black,Volkswagen,Passat,USED,2017.0,18000,Saloon,False,Diesel
202008102298731,26332.0,67,White,BMW,4 Series,USED,2018.0,20690,Convertible,False,Petrol
202009224065340,112972.0,63,Blue,SEAT,Leon,USED,2013.0,5642,Hatchback,False,Diesel
202009123652573,5099.0,20,Grey,Volkswagen,Golf,USED,2020.0,16950,Hatchback,False,Petrol
202010315647856,19845.0,18,White,SKODA,Fabia,USED,2018.0,9995,Estate,False,Petrol
202010064686516,37000.0,13,Red,Vauxhall,Zafira,USED,2013.0,5695,MPV,False,Petrol
202009083475356,52611.0,59,Black,Peugeot,207,USED,2009.0,2995,Hatchback,False,Petrol
202010054617838,35000.0,55,Silver,Peugeot,206,USED,2006.0,995,Hatchback,False,Petrol
202007161305890,10.0,,Red,Vauxhall,Grandland X,NEW,,36123,SUV,False,Petrol Plug-in Hybrid
202010155040463,32505.0,67,Red,Volkswagen,Golf,USED,2017.0,13991,Hatchback,False,Petrol
202009123631644,37959.0,17,Silver,Vauxhall,Zafira Tourer,USED,2017.0,10499,MPV,False,Petrol
202010235354152,14305.0,17,Blue,Hyundai,Santa Fe,USED,2017.0,20495,SUV,False,Diesel
202003108225151,100000.0,61,Red,Volkswagen,Polo,USED,2011.0,3995,Hatchback,False,Petrol
202010084747520,85000.0,57,Red,Nissan,Qashqai,USED,2008.0,3450,Hatchback,False,Petrol
202010305604605,23000.0,09,Red,Mazda,Mazda3,USED,2009.0,3990,Hatchback,False,Petrol
202008192686880,113000.0,12,Red,Volvo,C30,USED,2012.0,3980,Coupe,False,Diesel
202010225288428,2883.0,69,White,Audi,Q2,USED,2020.0,26500,SUV,False,Petrol
202010064681496,67000.0,16,Black,Volkswagen,Golf,USED,2016.0,13990,Hatchback,False,Petrol Plug-in Hybrid
202009213991783,50061.0,17,Black,Vauxhall,Mokka X,USED,2017.0,9700,SUV,False,Diesel
202001035764001,6000.0,69,White,Smart,fortwo,USED,2019.0,14490,Coupe,False,Electric
202009193954196,99999.0,16,Silver,Volkswagen,Amarok,USED,2016.0,15759,Pickup,True,Diesel
202010165090400,75000.0,12,White,Mercedes-Benz,E Class,USED,2012.0,7995,Saloon,False,Diesel
202010144973823,19938.0,67,White,Land Rover,Range Rover Evoque,USED,2017.0,20338,SUV,False,Diesel
202010285547478,2760.0,69,Blue,Mercedes-Benz,C Class,USED,2019.0,28795,Coupe,False,Diesel
202007211522918,44020.0,65,Blue,Honda,CR-V,USED,2016.0,12400,SUV,False,Diesel
202009284312880,34617.0,16,White,BMW,4 Series,USED,2016.0,22965,Convertible,False,Diesel
202010215262160,29685.0,17,White,Toyota,C-HR,USED,2017.0,14535,SUV,False,Petrol
202007020764422,82476.0,08,Blue,Vauxhall,Corsa,USED,2008.0,1795,Hatchback,False,Petrol
202006190300796,49000.0,15,Grey,Mercedes-Benz,C Class,USED,2015.0,15995,Estate,False,Diesel Hybrid
201912065086829,10.0,70,Grey,Hyundai,Tucson,USED,2020.0,36000,SUV,False,Diesel
202010014448496,40636.0,16,Black,Honda,CR-V,USED,2016.0,15200,SUV,False,Petrol
202009254206795,80700.0,64,White,Nissan,Juke,USED,2015.0,7850,SUV,False,Petrol
202009244167709,27334.0,67,White,BMW,1 Series,USED,2017.0,12799,Hatchback,False,Diesel
202010195188419,7111.0,69,Blue,Renault,Kadjar,USED,2019.0,17375,SUV,False,Diesel
202010054604087,41960.0,18,Black,MINI,Hatch,USED,2018.0,11000,Hatchback,False,Diesel
202010265441429,38500.0,02,Green,Jaguar,XJ,USED,2002.0,4750,Saloon,False,Petrol
202009234116433,18065.0,17,White,Peugeot,2008,USED,2017.0,8846,SUV,False,Petrol
202010305622779,60000.0,64,Silver,Kia,Sportage,USED,2014.0,11450,SUV,False,Diesel
202008042083088,10.0,70,White,Volkswagen,T-Roc,USED,2020.0,23999,SUV,False,Petrol
202009103553270,50000.0,15,Silver,Renault,Captur,USED,2015.0,7450,SUV,False,Diesel
202009103568488,28146.0,17,Silver,Audi,A5,USED,2017.0,21700,Coupe,False,Diesel
202003098189524,6.0,,Red,MG,MG ZS,NEW,,28690,SUV,False,Electric
202008252906757,28713.0,15,Grey,Mercedes-Benz,C Class,USED,2015.0,16485,Saloon,False,Diesel
202010054607593,1000.0,70,Blue,BMW,X1,USED,2020.0,32980,SUV,False,Diesel
202001246515839,7200.0,69,Black,Mercedes-Benz,E Class,USED,2019.0,36299,Saloon,False,Diesel
202008272992565,122000.0,59,Green,BMW,5 Series,USED,2009.0,4090,Estate,False,Diesel
202010145002787,117.0,70,Green,Land Rover,Defender 110,USED,2020.0,53844,SUV,False,Diesel
202010265455706,36650.0,68,Black,Vauxhall,Mokka X,USED,2019.0,13780,SUV,False,Petrol
202010195174491,33700.0,16,Grey,Nissan,Navara,USED,2016.0,17500,Pickup,True,Diesel
202010074702591,51000.0,61,Black,Volkswagen,Scirocco,USED,2011.0,8995,Coupe,False,Petrol
202010205214978,90051.0,61,Silver,Peugeot,3008,USED,2011.0,3485,SUV,False,Diesel
202009143706812,60000.0,15,Grey,Mercedes-Benz,A Class,USED,2015.0,10990,Hatchback,False,Diesel
202009013172723,59990.0,T,Blue,Jaguar,XKR,USED,1999.0,11950,Convertible,False,Petrol
202010165087306,74000.0,62,Grey,Nissan,Qashqai,USED,2012.0,7745,SUV,False,Petrol
202008122399171,21310.0,17,Blue,Nissan,Juke,USED,2017.0,11481,SUV,False,Petrol
202010064682566,4959.0,69,Black,Mercedes-Benz,E Class,USED,2020.0,31000,Saloon,False,Diesel
202010315634835,43185.0,17,Grey,Mitsubishi,Outlander,USED,2017.0,17787,SUV,False,Petrol Plug-in Hybrid
202010295590662,46700.0,12,Black,Volkswagen,Golf,USED,2012.0,6995,Hatchback,False,Diesel
202008222795284,33655.0,59,Red,Volvo,C30,USED,2009.0,4980,Coupe,False,Diesel
202009013166597,30142.0,67,White,BMW,3 Series,USED,2017.0,18990,Saloon,False,Diesel
201909122137649,0.0,,,Mercedes-Benz,V Class,NEW,,94995,MPV,True,Diesel
202009294352384,38004.0,66,Red,Audi,A1,USED,2016.0,12726,Hatchback,False,Petrol
202002077066341,1.0,,Blue,Toyota,Yaris,NEW,,16980,Hatchback,False,Petrol
202006069858364,46000.0,64,White,BMW,1 Series,USED,2014.0,15495,Hatchback,False,Petrol
202010054622162,32517.0,65,White,Nissan,Leaf,USED,2015.0,9995,Hatchback,False,Electric
202010185134605,46037.0,16,White,Audi,A6 Saloon,USED,2016.0,19000,Saloon,False,Diesel
202010054618149,28000.0,16,Grey,Volkswagen,Tiguan,USED,2016.0,10999,SUV,False,Diesel
202009183898263,14764.0,68,White,Jaguar,XF,USED,2018.0,19999,Saloon,False,Diesel
202009103553561,36230.0,07,Beige,SKODA,Fabia,USED,2007.0,2995,Hatchback,False,Petrol
202010145004158,15888.0,68,White,Suzuki,Vitara,USED,2018.0,11250,SUV,False,Petrol
202010084740243,51541.0,62,Silver,Volvo,XC90,USED,2012.0,14300,SUV,False,Diesel
202010275502007,59240.0,63,Black,Peugeot,208,USED,2013.0,4750,Hatchback,False,Petrol
202009173842580,15558.0,68,Silver,Renault,Captur,USED,2018.0,13250,SUV,False,Diesel
202010205221370,17363.0,17,Red,Volvo,V40,USED,2017.0,13490,Hatchback,False,Diesel
202006039769244,10.0,,Grey,Mercedes-Benz,CLS,NEW,,46549,Coupe,False,Diesel
202005049168955,0.0,,White,SKODA,Kamiq,NEW,,20500,SUV,False,Petrol
202010255410717,91267.0,53,Silver,Volkswagen,Polo,USED,2003.0,1850,Hatchback,False,Petrol
201307177852187,4000.0,12,White,Renault,Twizy,USED,2012.0,7000,Coupe,False,Electric
202010084752949,10000.0,18,Blue,Abarth,595,USED,2018.0,19200,Hatchback,False,Petrol
202009214026189,89978.0,62,Grey,Land Rover,Range Rover Sport,USED,2012.0,17990,SUV,False,Diesel
202010265436440,13326.0,18,Red,Land Rover,Range Rover Velar,USED,2018.0,42989,SUV,False,Diesel
202010245376871,43383.0,66,Black,Audi,A3,USED,2016.0,17950,Hatchback,False,Diesel
202010124897230,100000.0,07,Silver,Land Rover,Range Rover Sport,USED,2007.0,6990,SUV,False,Diesel
202009304381941,18181.0,68,Red,Mercedes-Benz,A Class,USED,2018.0,18898,Hatchback,False,Diesel
202007241647890,69000.0,58,Black,Audi,A3,USED,2009.0,5995,Hatchback,False,Diesel
202009254175609,15974.0,19,White,Mercedes-Benz,C Class,USED,2019.0,24981,Coupe,False,Diesel
202010014428760,7800.0,69,Grey,Mercedes-Benz,A Class,USED,2019.0,20399,Hatchback,False,Diesel
202010054622401,43873.0,16,Silver,Peugeot,3008,USED,2016.0,9990,SUV,False,Diesel
202010215269804,62000.0,60,Silver,Volkswagen,Polo,USED,2010.0,4495,Hatchback,False,Petrol
202007131177517,31435.0,67,White,Vauxhall,Mokka X,USED,2018.0,10495,SUV,False,Petrol
202008112350299,39000.0,16,Red,Volkswagen,Polo,USED,2016.0,8900,Hatchback,False,Petrol
202010285542487,23917.0,16,Black,Vauxhall,Corsa,USED,2016.0,7991,Hatchback,False,Petrol
202009113617301,25718.0,67,Black,Land Rover,Range Rover,USED,2017.0,47990,SUV,False,Diesel
202010295571296,1000.0,20,Black,McLaren,720S,USED,2020.0,179995,Coupe,False,Petrol
202010084756628,50891.0,66,Grey,Land Rover,Discovery Sport,USED,2016.0,21115,SUV,False,Diesel
202010084752278,46600.0,62,White,Audi,A6 Saloon,USED,2013.0,11349,Saloon,False,Diesel
202010114868641,21166.0,66,Black,Volkswagen,Polo,USED,2016.0,10999,Hatchback,False,Petrol
202010175117179,84000.0,70,Grey,Toyota,Voxy,USED,2020.0,4995,MPV,False,Petrol
202010134964960,74500.0,14,Black,Isuzu,D-Max,USED,2014.0,12950,Pickup,True,Diesel
202010225301562,59000.0,64,Brown,Hyundai,ix35,USED,2014.0,9000,SUV,False,Diesel
202010225289913,1269.0,20,Green,Land Rover,Defender 110,USED,2020.0,52060,SUV,False,Diesel
202008032028278,96000.0,66,Black,BMW,1 Series,USED,2016.0,8250,Hatchback,False,Diesel
202009123631276,85000.0,13,Black,Audi,A5,USED,2013.0,5750,Hatchback,False,Diesel
202010024503290,33144.0,65,Silver,Mercedes-Benz,A Class,USED,2016.0,12690,Hatchback,False,Diesel
202010315655448,73000.0,17,Grey,Volvo,XC60,USED,2017.0,14450,SUV,False,Diesel
202009183892983,0.0,,White,BMW,5 Series,NEW,,53028,Saloon,False,Petrol Plug-in Hybrid
202005119263985,0.0,,Grey,SKODA,Superb,NEW,,37540,Estate,False,Diesel
202010034558951,26090.0,67,Black,Vauxhall,Viva,USED,2017.0,6598,Hatchback,False,Petrol
202009133666899,140000.0,14,White,Lexus,CT 200h,USED,2014.0,10000,Hatchback,False,Petrol Hybrid
202010205234684,17207.0,16,White,Peugeot,108,USED,,8000,Hatchback,False,Petrol
202010124901699,7822.0,67,Brown,Dacia,Sandero,USED,2017.0,7250,Hatchback,False,Petrol
202010144996024,114574.0,17,Red,Jaguar,XE,USED,2017.0,9480,Saloon,False,Diesel
202008212782057,63246.0,63,Red,Audi,A5,USED,2013.0,11940,Hatchback,False,Petrol
202010165087558,2500.0,20,Grey,Nissan,X-Trail,USED,2020.0,25490,SUV,False,Petrol
202010215261907,32892.0,64,Silver,MINI,Hatch,USED,2014.0,9990,Hatchback,False,Diesel
202007291838492,20000.0,17,White,Audi,A3 Cabriolet,USED,2017.0,16950,Convertible,False,Diesel
202009023215168,30000.0,67,Black,Mitsubishi,Outlander,USED,2017.0,20000,SUV,False,Petrol Plug-in Hybrid
202009284319117,53951.0,65,White,Nissan,Juke,USED,2015.0,8200,SUV,False,Diesel
202010044580588,3000.0,69,Orange,Mazda,MX-5,USED,2019.0,24990,Convertible,False,Petrol
202008252920739,19039.0,19,White,MINI,Countryman,USED,2019.0,20980,SUV,False,Petrol
202009083478872,0.0,,White,Volkswagen,Golf,NEW,,22996,Hatchback,False,Petrol
202010215270726,185.0,70,Black,Jaguar,XE,USED,2020.0,31495,Saloon,False,Diesel
202007301892163,160000.0,62,Grey,SEAT,Exeo,USED,2012.0,2495,Saloon,False,Diesel
202010215260565,144000.0,14,Black,Vauxhall,Insignia,USED,2014.0,3595,Hatchback,False,Diesel
202010054618749,39300.0,67,Grey,Mitsubishi,Outlander,USED,2017.0,19749,SUV,False,Petrol Plug-in Hybrid
202009244173620,32026.0,15,Blue,Mercedes-Benz,A Class,USED,2015.0,11100,Hatchback,False,Diesel
202010074704203,76000.0,13,Black,Volvo,C30,USED,2013.0,5995,Coupe,False,Petrol
202009153772943,30597.0,14,Maroon,Mazda,Mazda2,USED,2014.0,6995,Hatchback,False,Petrol
202006059822656,38000.0,16,White,Fiat,Panda,USED,2016.0,4500,Hatchback,False,Petrol
202010205218428,28860.0,63,White,Chrysler,Ypsilon,USED,2014.0,3490,Hatchback,False,Petrol
202010305627496,6100.0,69,Red,Hyundai,i10,USED,2019.0,8299,Hatchback,False,Petrol
202008062169831,6000.0,19,Black,Mercedes-Benz,C Class,USED,2019.0,25750,Convertible,False,Diesel
202010165076501,84000.0,12,Grey,Peugeot,508 SW,USED,2012.0,3790,Estate,False,Diesel
202010165057210,45900.0,17,Silver,Audi,A4,USED,2017.0,14400,Saloon,False,Diesel
202009153758256,26081.0,67,Red,Suzuki,Baleno,USED,2017.0,8795,Hatchback,False,Petrol
202010175108727,8000.0,69,Blue,Vauxhall,Crossland X,USED,2019.0,15350,SUV,False,Petrol
202010054627450,34000.0,62,Black,Toyota,Yaris,USED,2012.0,5750,Hatchback,False,Petrol
202007171345766,5.0,,White,BMW,1 Series,NEW,,40085,Hatchback,False,Petrol
202010235340720,9667.0,67,Beige,SKODA,Fabia,USED,2017.0,12470,Estate,False,Petrol
202009033253373,1436.0,19,Silver,Volkswagen,up!,USED,2019.0,8900,Hatchback,False,Petrol
202009133669076,12000.0,60,Green,SKODA,Octavia,USED,2011.0,6999,Hatchback,False,Petrol
202009224064155,39000.0,59,Black,Audi,A3,USED,2010.0,5970,Hatchback,False,Petrol
202010265462935,75000.0,17,Black,Mercedes-Benz,V Class,USED,2017.0,27500,MPV,True,Diesel
202009093518227,132246.0,15,Grey,SEAT,Alhambra,USED,2015.0,6990,MPV,False,Diesel
202008262935362,8857.0,67,Grey,Nissan,Micra,USED,2017.0,10300,Hatchback,False,Petrol
202010205202941,71830.0,15,Black,Nissan,Qashqai,USED,2015.0,9298,SUV,False,Diesel
202010215251890,6.0,,Blue,Volkswagen,T-Roc,NEW,,25803,SUV,False,Petrol
202010295561545,100.0,70,White,Mercedes-Benz,A Class,USED,2020.0,27750,Hatchback,False,Petrol
202010195190537,66300.0,59,Red,Volkswagen,Polo,USED,2009.0,4795,Hatchback,False,Petrol
202010104830061,25906.0,17,Black,Audi,A5,USED,2017.0,21000,Hatchback,False,Diesel
202010024515150,55368.0,12,Red,Vauxhall,Corsa,USED,2012.0,3495,Hatchback,False,Petrol
202010245399649,500.0,20,Multicolour,Bentley,Mulsanne,USED,2020.0,210000,Saloon,False,Petrol
202008052124616,4151.0,68,Grey,Nissan,Qashqai,USED,2018.0,17325,SUV,False,Petrol
202008182618094,39985.0,67,Black,Audi,A5,USED,2017.0,21000,Hatchback,False,Diesel
202010265438695,78000.0,13,Black,Audi,A7,USED,2013.0,15491,Hatchback,False,Diesel
201910143308369,0.0,,White,Land Rover,Discovery Sport,NEW,,41321,SUV,False,Diesel
202006109995198,15500.0,18,Black,Audi,A3,USED,2018.0,19000,Saloon,False,Petrol
202010144999022,5.0,70,White,Toyota,AYGO,USED,2020.0,12250,Hatchback,False,Petrol
202010315660018,76000.0,14,Blue,Nissan,Qashqai,USED,2014.0,7946,SUV,False,Petrol
202010145000529,55000.0,66,Grey,Land Rover,Range Rover Evoque,USED,2016.0,18800,SUV,False,Diesel
202009244135743,10.0,,Blue,Volvo,XC90,NEW,,65370,SUV,False,Diesel Hybrid
202010295563019,36204.0,17,Grey,Hyundai,Tucson,USED,2017.0,14569,SUV,False,Diesel
202010265461036,24380.0,64,Red,MINI,Hatch,USED,2014.0,5999,Hatchback,False,Petrol
202008262933340,4505.0,69,Grey,Fiat,500,USED,2020.0,8800,Hatchback,False,Petrol
202010054632507,17980.0,17,White,BMW,1 Series,USED,2017.0,12950,Hatchback,False,Diesel
202010255411619,8000.0,19,White,Mercedes-Benz,B Class,USED,2019.0,24490,MPV,False,Diesel
202009163810691,20631.0,17,Black,BMW,X1,USED,2017.0,20990,SUV,False,Diesel
202010275483347,52000.0,65,Silver,Citroen,C4,USED,2015.0,5995,Hatchback,False,Diesel
202010114862695,42996.0,63,Blue,Honda,Civic,USED,2013.0,7200,Hatchback,False,Petrol
202007311941216,13151.0,17,Black,SKODA,Superb,USED,2017.0,12999,Hatchback,False,Diesel
202009203965172,42244.0,15,Black,Audi,Q3,USED,2015.0,16300,SUV,False,Diesel
202002257698693,83000.0,56,Red,Fiat,Panda,USED,2006.0,1495,Hatchback,False,Diesel
202009033253184,13855.0,67,Grey,Audi,A4,USED,2017.0,19503,Saloon,False,Diesel
202003178517378,9.0,69,Blue,Honda,CR-V,USED,2019.0,26690,SUV,False,Petrol
202009163788072,10206.0,69,Black,BMW,2 Series Gran Tourer,USED,2019.0,21998,MPV,False,Petrol
202009043320235,53000.0,13,Red,Volvo,C30,USED,2013.0,6750,Coupe,False,Petrol
202010014456913,7461.0,69,Blue,MINI,Hatch,USED,2019.0,19350,Hatchback,False,Petrol
202009073428673,8010.0,69,Blue,BMW,2 Series Gran Tourer,USED,2019.0,22745,MPV,False,Petrol
202010205222882,55000.0,13,White,Citroen,DS3,USED,2013.0,5300,Hatchback,False,Diesel
202009173835525,3030.0,69,Grey,SKODA,Karoq,USED,2019.0,22250,SUV,False,Petrol
202004239040485,78321.0,54,Blue,Vauxhall,Astra,USED,2005.0,1490,Hatchback,False,Petrol
202010305619665,29253.0,17,Grey,Audi,S4,USED,2017.0,26950,Saloon,False,Petrol
202009153754112,34000.0,66,White,BMW,X1,USED,2016.0,16991,SUV,False,Diesel
202010225304938,68384.0,08,Black,Peugeot,307 CC,USED,2008.0,1750,Convertible,False,Petrol
202010225304662,82824.0,13,Black,Kia,Sportage,USED,2013.0,6490,SUV,False,Diesel
202010134958481,38094.0,67,Red,Suzuki,Celerio,USED,2018.0,4999,Hatchback,False,Petrol
202010265439780,70000.0,15,Grey,Land Rover,Range Rover Sport,USED,2015.0,28950,SUV,False,Diesel
202009304417809,28992.0,17,White,Peugeot,3008,USED,2017.0,17750,SUV,False,Diesel
202009183896411,25769.0,67,Silver,Nissan,Juke,USED,2017.0,11750,SUV,False,Petrol
202002217577759,8.0,70,White,Renault,Clio,USED,2020.0,11800,Hatchback,False,Petrol
202010014430768,1047.0,69,Black,BMW,4 Series,USED,2019.0,26500,Coupe,False,Diesel
202010054631623,0.0,,Multicolour,Volkswagen,Polo,NEW,,17510,Hatchback,False,Petrol
202007181379398,16660.0,66,Blue,Vauxhall,Astra,USED,2016.0,10200,Hatchback,False,Petrol
202007311940640,10.0,,Red,Nissan,Juke,NEW,,23330,SUV,False,Petrol
202010305609801,18167.0,18,Orange,Nissan,Micra,USED,2018.0,9494,Hatchback,False,Petrol
202010215259931,15343.0,67,White,Hyundai,i10,USED,2018.0,7995,Hatchback,False,Petrol
202010124906451,74334.0,64,Black,Nissan,X-Trail,USED,2014.0,11495,SUV,False,Diesel
202007261715176,36571.0,65,Black,Lexus,GS 450h,USED,2016.0,22950,Saloon,False,Petrol Hybrid
202009224051935,84000.0,Y,Blue,Subaru,Impreza,USED,2001.0,28995,Saloon,False,Petrol
202009274282343,29500.0,16,White,Hyundai,i10,USED,2016.0,5500,Hatchback,False,Petrol
202010175103522,10.0,70,Grey,Vauxhall,Corsa,USED,2020.0,16500,Hatchback,False,Petrol
202010285517279,6862.0,69,Grey,Mazda,CX-5,USED,2019.0,25000,SUV,False,Petrol
202003027937171,9999.0,69,White,SEAT,Leon,USED,2020.0,16995,Hatchback,False,Petrol
202010175111955,70826.0,14,Blue,Audi,A3,USED,2014.0,9200,Hatchback,False,Diesel
202009023208249,76200.0,56,,Jaguar,X-Type,USED,2006.0,2995,Saloon,False,Diesel
202010024492024,21000.0,65,Black,Mercedes-Benz,C Class,USED,2016.0,21999,Coupe,False,Diesel
202008112340508,24040.0,16,Silver,MINI,Hatch,USED,2016.0,10950,Hatchback,False,Petrol
202010144998713,2954.0,69,Blue,MINI,Hatch,USED,2019.0,16480,Hatchback,False,Petrol
202010315639440,91179.0,64,Red,Honda,CR-V,USED,2015.0,9265,SUV,False,Diesel
202010205233670,18241.0,17,Green,Fiat,500,USED,2017.0,7398,Hatchback,False,Petrol
202010275509510,46197.0,16,Blue,Volvo,XC60,USED,2016.0,15800,SUV,False,Diesel
202010124907947,16000.0,68,Blue,Nissan,Qashqai,USED,2018.0,16000,SUV,False,Petrol
202009254193990,7800.0,19,White,Audi,Q5,USED,2019.0,35940,SUV,False,Diesel
202010144978584,13000.0,64,Grey,Honda,Jazz,USED,2014.0,7990,Hatchback,False,Petrol
202009244151697,65744.0,08,Silver,Toyota,RAV4,USED,2008.0,6495,SUV,False,Petrol
202010265441877,35887.0,64,Orange,BMW,1 Series,USED,2015.0,13995,Hatchback,False,Diesel
202009224053822,94096.0,15,Black,BMW,4 Series,USED,2015.0,12995,Convertible,False,Petrol
202010225315481,7474.0,19,Grey,Vauxhall,Corsa,USED,2019.0,9999,Hatchback,False,Petrol
202010014445451,55000.0,09,Black,Volkswagen,Polo,USED,2009.0,3550,Hatchback,False,Petrol
202010225317736,18917.0,67,Yellow,Nissan,Juke,USED,2017.0,10750,SUV,False,Diesel
202010305608127,1515.0,70,,Land Rover,Defender 110,USED,2020.0,62990,SUV,False,Diesel
202008032027889,7324.0,69,Black,Mazda,CX-5,USED,2019.0,25995,SUV,False,Petrol
202009294351135,21566.0,68,Black,Volkswagen,Tiguan,USED,2018.0,18890,SUV,False,Petrol
202005279581341,68076.0,62,Silver,Mercedes-Benz,E Class,USED,2013.0,14500,Saloon,False,Diesel
202010225314924,80000.0,08,Silver,Citroen,C2,USED,2008.0,1495,Hatchback,False,Diesel
202010295585213,36757.0,65,Silver,Audi,A3,USED,2015.0,10498,Hatchback,False,Diesel
202010205225132,15271.0,17,Blue,Volkswagen,Touran,USED,2017.0,17791,MPV,False,Diesel
202009023236968,23387.0,17,Silver,Toyota,Yaris,USED,2017.0,9500,Hatchback,False,Petrol
202009163811028,33844.0,67,Blue,Dacia,Duster,USED,2017.0,10290,SUV,False,Petrol
202009224067228,24891.0,16,White,Peugeot,108,USED,2016.0,6400,Hatchback,False,Petrol
202010245389302,20503.0,18,White,Vauxhall,Corsa,USED,2018.0,8901,Hatchback,False,Petrol
202010275484305,64506.0,17,Black,BMW,3 Series,USED,2017.0,12700,Estate,False,Diesel
202009244166025,57000.0,12,Black,Citroen,Grand C4 Picasso,USED,2012.0,5291,MPV,False,Diesel
202009163782385,19794.0,17,Silver,Volvo,V40,USED,2017.0,13300,Hatchback,False,Petrol
202009274260002,21919.0,66,Red,Volkswagen,Polo,USED,2016.0,10450,Hatchback,False,Petrol
202009244133153,29389.0,17,Red,DS AUTOMOBILES,DS 3,USED,2017.0,8585,Hatchback,False,Petrol
202007241653170,81500.0,15,Black,Vauxhall,Zafira Tourer,USED,2015.0,6190,MPV,False,Petrol
202010074697641,113.0,67,Grey,Peugeot,208,USED,2017.0,8980,Hatchback,False,Petrol
202010215246236,10.0,70,Grey,Citroen,C5 Aircross,USED,2020.0,32000,SUV,False,Petrol Plug-in Hybrid
202010315646650,104000.0,R,Green,BMW,3 Series,USED,1997.0,2300,Saloon,False,Petrol
202009113608488,25954.0,66,Grey,Mitsubishi,Outlander,USED,2016.0,15499,SUV,False,Diesel
202011015668703,60802.0,06,Silver,Renault,Clio,USED,2006.0,995,Hatchback,False,Petrol
202010014440411,22500.0,18,Grey,Porsche,Panamera,USED,2018.0,75000,Hatchback,False,Petrol
202010215262314,72000.0,60,Silver,Renault,Clio,USED,2010.0,1695,Hatchback,False,Petrol
202008272996664,48524.0,64,Silver,Audi,A3,USED,2015.0,12495,Hatchback,False,Diesel
202009023201481,14737.0,68,Grey,Volvo,V40,USED,2019.0,15500,Hatchback,False,Petrol
202008212764298,71929.0,66,Grey,Mercedes-Benz,E Class,USED,2016.0,17500,Saloon,False,Diesel
201812083100748,126000.0,N,Grey,Mercedes-Benz,SL Class,USED,1996.0,8995,Convertible,False,Petrol
202010024510755,9987.0,19,White,Volkswagen,California,USED,2019.0,64490,Camper,False,Diesel
202010114869374,55498.0,17,Grey,Volvo,V40,USED,2017.0,10895,Hatchback,False,Petrol
202010195197490,26606.0,64,Silver,Honda,Jazz,USED,2014.0,3500,Hatchback,False,Petrol
202002077056618,10015.0,69,Black,Land Rover,Range Rover Evoque,USED,2019.0,38243,SUV,False,Diesel
202009033252897,66458.0,57,Silver,Fiat,Panda,USED,2007.0,2295,Hatchback,False,Petrol
202007291854385,19467.0,17,White,Suzuki,Vitara,USED,2017.0,12495,SUV,False,Petrol
202009304391721,55000.0,15,Grey,Audi,SQ5,USED,2015.0,23495,SUV,False,Diesel
202010315633269,7678.0,66,White,Mitsubishi,ASX,USED,2016.0,9799,SUV,False,Petrol
202009294344723,70000.0,15,Black,BMW,X4,USED,2015.0,19500,SUV,False,Diesel
202009224063679,1822.0,69,White,MG,MG ZS,USED,2019.0,20990,SUV,False,Electric
202010165078013,65984.0,64,White,Lexus,NX 300h,USED,2014.0,19979,SUV,False,Petrol Hybrid
202010275474341,13654.0,18,Grey,Kia,Rio,USED,2018.0,11795,Hatchback,False,Petrol
202010024500943,36860.0,17,White,BMW,2 Series,USED,2017.0,12999,Coupe,False,Petrol
202009113629579,77030.0,09,Red,Toyota,AYGO,USED,2009.0,1800,Hatchback,False,Petrol
202010064684472,0.0,,,Land Rover,Range Rover,NEW,,103265,SUV,False,Diesel
202010235331105,33915.0,67,Black,Volvo,XC60,USED,2017.0,20000,SUV,False,Diesel
202008132451431,8837.0,67,Black,Nissan,Pulsar,USED,2017.0,9250,Hatchback,False,Petrol
202009153770590,25.0,,Blue,Volkswagen,Golf,NEW,,23208,Hatchback,False,Petrol
202010094792083,74565.0,59,Black,Citroen,C3,USED,2009.0,1995,Hatchback,False,Petrol
202008032042755,100000.0,16,Red,Mercedes-Benz,CLA Class,USED,2016.0,11490,Coupe,False,Petrol
202010144972182,42000.0,62,Blue,Toyota,Auris,USED,2012.0,6495,Hatchback,False,Petrol
202001226443523,10.0,,Red,Audi,S4,NEW,,44888,Saloon,False,Diesel
202010235338855,5112.0,19,White,Vauxhall,Corsa,USED,2019.0,10488,Hatchback,False,Petrol
202009224040744,5.0,,Grey,Audi,E-Tron,NEW,,92150,SUV,False,Electric
202010295561003,8000.0,66,Blue,Nissan,Qashqai,USED,2017.0,14390,SUV,False,Petrol
202009083467528,50.0,,Blue,MG,MG ZS,NEW,,21975,SUV,False,Electric
202010094785421,11417.0,66,Black,Vauxhall,Mokka X,USED,2016.0,11800,SUV,False,Petrol
202009113618304,21010.0,16,Red,Hyundai,i20,USED,2016.0,8992,Hatchback,False,Petrol
202010165069011,14703.0,16,White,Honda,Civic,USED,2016.0,10829,Hatchback,False,Petrol
202010064675943,37500.0,64,Black,Audi,A1,USED,2014.0,10300,Hatchback,False,Petrol
202010134951026,120930.0,15,Silver,Mercedes-Benz,E Class,USED,2015.0,11000,Saloon,False,Diesel Hybrid
202009143713888,54321.0,66,Orange,Nissan,X-Trail,USED,2016.0,13279,SUV,False,Diesel
202010084751003,7078.0,19,Silver,SEAT,Leon,USED,2019.0,16495,Hatchback,False,Petrol
202010144979852,5.0,,Blue,SKODA,Octavia,NEW,,24835,Hatchback,False,Diesel
202010155050483,104000.0,10,Grey,Volkswagen,Scirocco,USED,2010.0,6250,Coupe,False,Diesel
202010315644994,85000.0,12,White,Audi,A5,USED,2012.0,8990,Hatchback,False,Diesel
202010134961416,10365.0,19,Silver,Volkswagen,Passat,USED,2019.0,14990,Saloon,False,Petrol
202008272992865,42000.0,14,White,Jeep,Wrangler,USED,2014.0,24490,SUV,False,Diesel
202010064646296,21590.0,17,Black,Fiat,500X,USED,2017.0,11000,SUV,False,Petrol
202010265447039,72760.0,15,Black,Land Rover,Discovery 4,USED,2015.0,24495,SUV,False,Diesel
202010265438585,21000.0,67,Black,Jaguar,F-PACE,USED,2017.0,31990,SUV,False,Petrol
202010104830885,44354.0,65,Grey,Volvo,XC60,USED,2015.0,15695,SUV,False,Diesel
202009304376267,23758.0,16,Black,BMW,i3,USED,2016.0,18500,Hatchback,False,Petrol Hybrid
202010265448281,60000.0,14,Grey,Volkswagen,Golf,USED,2014.0,6850,Hatchback,False,Diesel
202009173868628,84000.0,55,Blue,Jaguar,X-Type,USED,2005.0,1890,Estate,False,Diesel
202009234084500,7.0,70,Blue,Renault,Captur,USED,2020.0,17700,SUV,False,Petrol
202009093501257,10.0,,Grey,Land Rover,Range Rover Evoque,NEW,,47280,SUV,False,Diesel
202010195175791,71598.0,62,Black,MINI,Coupe,USED,2012.0,5290,Coupe,False,Petrol
202010305626412,6036.0,69,,Kia,Ceed,USED,2019.0,18250,Hatchback,False,Petrol
202010014455899,25400.0,15,White,Vauxhall,Astra,USED,2015.0,8339,Hatchback,False,Diesel
202008132454071,10364.0,18,Grey,Maserati,Quattroporte,USED,2018.0,38650,Saloon,False,Diesel
202010305611984,19372.0,18,White,Mercedes-Benz,GLE Class,USED,2018.0,30480,SUV,False,Diesel
202009023198789,11971.0,68,Blue,Nissan,Qashqai,USED,2019.0,15495,SUV,False,Petrol
202009214005490,102000.0,61,Blue,Suzuki,Swift,USED,2011.0,2995,Hatchback,False,Petrol
202008272993055,45739.0,17,Grey,BMW,4 Series Gran Coupe,USED,2017.0,22992,Saloon,False,Diesel
202010295554719,32748.0,66,White,Volkswagen,Golf,USED,2016.0,19495,Hatchback,False,Petrol
202010094809540,8264.0,69,Grey,Fiat,500,USED,2020.0,9400,Hatchback,False,Petrol
202010195164359,25000.0,15,Blue,BMW,3 Series,USED,2015.0,19485,Saloon,False,Petrol
201907059767481,47053.0,14,Grey,Audi,A4,USED,2014.0,8995,Saloon,False,Diesel
202001095965742,39000.0,61,Blue,Peugeot,Partner Tepee,USED,2011.0,4989,MPV,False,Diesel
202010315635592,28724.0,17,Blue,Dacia,Duster,USED,2017.0,11000,SUV,False,Diesel
202009123645139,10.0,,Grey,Honda,Jazz,NEW,,19285,Hatchback,False,Petrol Hybrid
202008142475664,70000.0,17,Grey,Mercedes-Benz,E Class,USED,2017.0,16495,Saloon,False,Diesel
202008262965744,121000.0,05,Black,Kia,Sportage,USED,2005.0,2000,SUV,False,Diesel
202008042091965,4477.0,20,Black,Mercedes-Benz,C Class,USED,2020.0,40981,Saloon,False,Diesel Plug-in Hybrid
202010235335768,64000.0,09,Black,Vauxhall,Astra,USED,2009.0,2495,Hatchback,False,Petrol
202010235357891,8651.0,68,Black,Audi,Q5,USED,2018.0,29995,SUV,False,Diesel
202009203962161,76795.0,62,White,BMW,X5,USED,2012.0,18499,SUV,False,Diesel
202010094809069,16872.0,68,White,Vauxhall,Crossland X,USED,2019.0,10307,SUV,False,Diesel
202010124896581,0.0,,White,Dacia,Sandero,NEW,,9024,Hatchback,False,Petrol
202011015673887,108659.0,03,Silver,Volkswagen,Beetle,USED,2003.0,700,Hatchback,False,Diesel
202009023221715,104000.0,06,Silver,BMW,Z4,USED,2006.0,3290,Convertible,False,Petrol
202005069208598,3900.0,67,Grey,Ferrari,GTC4Lusso,USED,2018.0,179995,Coupe,False,Petrol
202010295558017,34995.0,17,White,Peugeot,2008,USED,2017.0,9300,SUV,False,Petrol
202009123650997,23174.0,66,Grey,Volvo,XC60,USED,2016.0,19495,SUV,False,Diesel
202009183889226,6974.0,19,Grey,Citroen,C4 Cactus,USED,2019.0,12650,Hatchback,False,Diesel
202006250517324,70000.0,63,Blue,Volvo,V40,USED,2013.0,7991,Hatchback,False,Diesel
202007271731178,13606.0,P,White,Porsche,911,USED,1997.0,895000,Coupe,False,Petrol
202010124915866,10.0,,Blue,SKODA,Karoq,NEW,,28750,SUV,False,Petrol
202009083472921,129853.0,14,White,BMW,1 Series,USED,2014.0,6700,Hatchback,False,Diesel
202010295555022,23386.0,67,Black,Audi,Q5,USED,2017.0,26600,SUV,False,Petrol
202009173839229,0.0,,Black,Fiat,500,NEW,,16069,Hatchback,False,Petrol
202010044593868,51850.0,61,Black,Renault,Scenic,USED,2012.0,4295,MPV,False,Diesel
202010275489422,60166.0,07,Blue,Renault,Clio,USED,2007.0,1499,Hatchback,False,Petrol
202009053355903,9000.0,68,Blue,Mercedes-Benz,GLC Class,USED,2018.0,54995,Coupe,False,Petrol
202010104856445,84000.0,13,White,BMW,3 Series,USED,2013.0,8497,Saloon,False,Diesel
202010024507666,42643.0,67,White,BMW,1 Series,USED,2017.0,16490,Hatchback,False,Diesel
202003108220321,4901.0,20,Black,Mercedes-Benz,E Class,USED,2020.0,39980,Saloon,False,Diesel Plug-in Hybrid
